plan_id,period_month,project_name,target_units,target_revenue,target_commission_budget,notes
PLN-2026-01-ISC,2026-01,Imperia Smart City,25,80000000000.0,2800000000.0,Kế hoạch bán hàng tháng 01/2026 - Dự án Imperia Smart City
PLN-2026-01-TMO,2026-01,The Matrix One Phase 2,16,104000000000.0,3640000000.0,Kế hoạch bán hàng tháng 01/2026 - Dự án The Matrix One Phase 2
PLN-2026-01-IOP,2026-01,Imperia Ocean Park,17,64600000000.0,2261000000.0,Kế hoạch bán hàng tháng 01/2026 - Dự án Imperia Ocean Park
PLN-2026-01-IGP,2026-01,Imperia Grand Plaza Đức Hòa,13,110500000000.0,3868000000.0,Kế hoạch bán hàng tháng 01/2026 - Dự án Imperia Grand Plaza Đức Hòa
PLN-2026-02-ISC,2026-02,Imperia Smart City,19,60800000000.0,2128000000.0,Kế hoạch bán hàng tháng 02/2026 - Dự án Imperia Smart City
PLN-2026-02-TMO,2026-02,The Matrix One Phase 2,10,65000000000.0,2275000000.0,Kế hoạch bán hàng tháng 02/2026 - Dự án The Matrix One Phase 2
PLN-2026-02-IOP,2026-02,Imperia Ocean Park,14,53200000000.0,1862000000.0,Kế hoạch bán hàng tháng 02/2026 - Dự án Imperia Ocean Park
PLN-2026-02-IGP,2026-02,Imperia Grand Plaza Đức Hòa,9,76500000000.0,2678000000.0,Kế hoạch bán hàng tháng 02/2026 - Dự án Imperia Grand Plaza Đức Hòa
PLN-2026-03-ISC,2026-03,Imperia Smart City,15,48000000000.0,1680000000.0,Kế hoạch bán hàng tháng 03/2026 - Dự án Imperia Smart City
PLN-2026-03-TMO,2026-03,The Matrix One Phase 2,11,71500000000.0,2502000000.0,Kế hoạch bán hàng tháng 03/2026 - Dự án The Matrix One Phase 2
PLN-2026-03-IOP,2026-03,Imperia Ocean Park,17,64600000000.0,2261000000.0,Kế hoạch bán hàng tháng 03/2026 - Dự án Imperia Ocean Park
PLN-2026-03-IGP,2026-03,Imperia Grand Plaza Đức Hòa,12,102000000000.0,3570000000.0,Kế hoạch bán hàng tháng 03/2026 - Dự án Imperia Grand Plaza Đức Hòa
PLN-2026-04-ISC,2026-04,Imperia Smart City,22,70400000000.0,2464000000.0,Kế hoạch bán hàng tháng 04/2026 - Dự án Imperia Smart City
PLN-2026-04-TMO,2026-04,The Matrix One Phase 2,15,97500000000.0,3413000000.0,Kế hoạch bán hàng tháng 04/2026 - Dự án The Matrix One Phase 2
PLN-2026-04-IOP,2026-04,Imperia Ocean Park,18,68400000000.0,2394000000.0,Kế hoạch bán hàng tháng 04/2026 - Dự án Imperia Ocean Park
PLN-2026-04-IGP,2026-04,Imperia Grand Plaza Đức Hòa,14,119000000000.0,4165000000.0,Kế hoạch bán hàng tháng 04/2026 - Dự án Imperia Grand Plaza Đức Hòa
PLN-2026-05-ISC,2026-05,Imperia Smart City,16,51200000000.0,1792000000.0,Kế hoạch bán hàng tháng 05/2026 - Dự án Imperia Smart City
PLN-2026-05-TMO,2026-05,The Matrix One Phase 2,17,110500000000.0,3868000000.0,Kế hoạch bán hàng tháng 05/2026 - Dự án The Matrix One Phase 2
PLN-2026-05-IOP,2026-05,Imperia Ocean Park,22,83600000000.0,2926000000.0,Kế hoạch bán hàng tháng 05/2026 - Dự án Imperia Ocean Park
PLN-2026-05-IGP,2026-05,Imperia Grand Plaza Đức Hòa,9,76500000000.0,2678000000.0,Kế hoạch bán hàng tháng 05/2026 - Dự án Imperia Grand Plaza Đức Hòa
PLN-2026-06-ISC,2026-06,Imperia Smart City,25,80000000000.0,2800000000.0,Kế hoạch bán hàng tháng 06/2026 - Dự án Imperia Smart City
PLN-2026-06-TMO,2026-06,The Matrix One Phase 2,18,117000000000.0,4095000000.0,Kế hoạch bán hàng tháng 06/2026 - Dự án The Matrix One Phase 2
PLN-2026-06-IOP,2026-06,Imperia Ocean Park,18,68400000000.0,2394000000.0,Kế hoạch bán hàng tháng 06/2026 - Dự án Imperia Ocean Park
PLN-2026-06-IGP,2026-06,Imperia Grand Plaza Đức Hòa,14,119000000000.0,4165000000.0,Kế hoạch bán hàng tháng 06/2026 - Dự án Imperia Grand Plaza Đức Hòa
PLN-2026-07-ISC,2026-07,Imperia Smart City,21,67200000000.0,2352000000.0,Kế hoạch bán hàng tháng 07/2026 - Dự án Imperia Smart City
PLN-2026-07-TMO,2026-07,The Matrix One Phase 2,18,117000000000.0,4095000000.0,Kế hoạch bán hàng tháng 07/2026 - Dự án The Matrix One Phase 2
PLN-2026-07-IOP,2026-07,Imperia Ocean Park,14,53200000000.0,1862000000.0,Kế hoạch bán hàng tháng 07/2026 - Dự án Imperia Ocean Park
PLN-2026-07-IGP,2026-07,Imperia Grand Plaza Đức Hòa,10,85000000000.0,2975000000.0,Kế hoạch bán hàng tháng 07/2026 - Dự án Imperia Grand Plaza Đức Hòa
PLN-2026-08-ISC,2026-08,Imperia Smart City,10,32000000000.0,1120000000.0,Kế hoạch bán hàng tháng 08/2026 - Dự án Imperia Smart City (Số liệu chốt tới 15/08/2026)
PLN-2026-08-TMO,2026-08,The Matrix One Phase 2,8,52000000000.0,1820000000.0,Kế hoạch bán hàng tháng 08/2026 - Dự án The Matrix One Phase 2 (Số liệu chốt tới 15/08/2026)
PLN-2026-08-IOP,2026-08,Imperia Ocean Park,9,34200000000.0,1197000000.0,Kế hoạch bán hàng tháng 08/2026 - Dự án Imperia Ocean Park (Số liệu chốt tới 15/08/2026)
PLN-2026-08-IGP,2026-08,Imperia Grand Plaza Đức Hòa,7,59500000000.0,2083000000.0,Kế hoạch bán hàng tháng 08/2026 - Dự án Imperia Grand Plaza Đức Hòa (Số liệu chốt tới 15/08/2026)
