Date,Year,Month,MonthName,MonthNameVN,Quarter,QuarterName,DayOfWeek,DayNameVN,WeekOfYear,IsWeekend
2026-01-01,2026,1,Jan,Tháng 1,1,Q1,4,Thứ 5,1,0
2026-01-02,2026,1,Jan,Tháng 1,1,Q1,5,Thứ 6,1,0
2026-01-03,2026,1,Jan,Tháng 1,1,Q1,6,Thứ 7,1,1
2026-01-04,2026,1,Jan,Tháng 1,1,Q1,7,Chủ nhật,1,1
2026-01-05,2026,1,Jan,Tháng 1,1,Q1,1,Thứ 2,2,0
2026-01-06,2026,1,Jan,Tháng 1,1,Q1,2,Thứ 3,2,0
2026-01-07,2026,1,Jan,Tháng 1,1,Q1,3,Thứ 4,2,0
2026-01-08,2026,1,Jan,Tháng 1,1,Q1,4,Thứ 5,2,0
2026-01-09,2026,1,Jan,Tháng 1,1,Q1,5,Thứ 6,2,0
2026-01-10,2026,1,Jan,Tháng 1,1,Q1,6,Thứ 7,2,1
2026-01-11,2026,1,Jan,Tháng 1,1,Q1,7,Chủ nhật,2,1
2026-01-12,2026,1,Jan,Tháng 1,1,Q1,1,Thứ 2,3,0
2026-01-13,2026,1,Jan,Tháng 1,1,Q1,2,Thứ 3,3,0
2026-01-14,2026,1,Jan,Tháng 1,1,Q1,3,Thứ 4,3,0
2026-01-15,2026,1,Jan,Tháng 1,1,Q1,4,Thứ 5,3,0
2026-01-16,2026,1,Jan,Tháng 1,1,Q1,5,Thứ 6,3,0
2026-01-17,2026,1,Jan,Tháng 1,1,Q1,6,Thứ 7,3,1
2026-01-18,2026,1,Jan,Tháng 1,1,Q1,7,Chủ nhật,3,1
2026-01-19,2026,1,Jan,Tháng 1,1,Q1,1,Thứ 2,4,0
2026-01-20,2026,1,Jan,Tháng 1,1,Q1,2,Thứ 3,4,0
2026-01-21,2026,1,Jan,Tháng 1,1,Q1,3,Thứ 4,4,0
2026-01-22,2026,1,Jan,Tháng 1,1,Q1,4,Thứ 5,4,0
2026-01-23,2026,1,Jan,Tháng 1,1,Q1,5,Thứ 6,4,0
2026-01-24,2026,1,Jan,Tháng 1,1,Q1,6,Thứ 7,4,1
2026-01-25,2026,1,Jan,Tháng 1,1,Q1,7,Chủ nhật,4,1
2026-01-26,2026,1,Jan,Tháng 1,1,Q1,1,Thứ 2,5,0
2026-01-27,2026,1,Jan,Tháng 1,1,Q1,2,Thứ 3,5,0
2026-01-28,2026,1,Jan,Tháng 1,1,Q1,3,Thứ 4,5,0
2026-01-29,2026,1,Jan,Tháng 1,1,Q1,4,Thứ 5,5,0
2026-01-30,2026,1,Jan,Tháng 1,1,Q1,5,Thứ 6,5,0
2026-01-31,2026,1,Jan,Tháng 1,1,Q1,6,Thứ 7,5,1
2026-02-01,2026,2,Feb,Tháng 2,1,Q1,7,Chủ nhật,5,1
2026-02-02,2026,2,Feb,Tháng 2,1,Q1,1,Thứ 2,6,0
2026-02-03,2026,2,Feb,Tháng 2,1,Q1,2,Thứ 3,6,0
2026-02-04,2026,2,Feb,Tháng 2,1,Q1,3,Thứ 4,6,0
2026-02-05,2026,2,Feb,Tháng 2,1,Q1,4,Thứ 5,6,0
2026-02-06,2026,2,Feb,Tháng 2,1,Q1,5,Thứ 6,6,0
2026-02-07,2026,2,Feb,Tháng 2,1,Q1,6,Thứ 7,6,1
2026-02-08,2026,2,Feb,Tháng 2,1,Q1,7,Chủ nhật,6,1
2026-02-09,2026,2,Feb,Tháng 2,1,Q1,1,Thứ 2,7,0
2026-02-10,2026,2,Feb,Tháng 2,1,Q1,2,Thứ 3,7,0
2026-02-11,2026,2,Feb,Tháng 2,1,Q1,3,Thứ 4,7,0
2026-02-12,2026,2,Feb,Tháng 2,1,Q1,4,Thứ 5,7,0
2026-02-13,2026,2,Feb,Tháng 2,1,Q1,5,Thứ 6,7,0
2026-02-14,2026,2,Feb,Tháng 2,1,Q1,6,Thứ 7,7,1
2026-02-15,2026,2,Feb,Tháng 2,1,Q1,7,Chủ nhật,7,1
2026-02-16,2026,2,Feb,Tháng 2,1,Q1,1,Thứ 2,8,0
2026-02-17,2026,2,Feb,Tháng 2,1,Q1,2,Thứ 3,8,0
2026-02-18,2026,2,Feb,Tháng 2,1,Q1,3,Thứ 4,8,0
2026-02-19,2026,2,Feb,Tháng 2,1,Q1,4,Thứ 5,8,0
2026-02-20,2026,2,Feb,Tháng 2,1,Q1,5,Thứ 6,8,0
2026-02-21,2026,2,Feb,Tháng 2,1,Q1,6,Thứ 7,8,1
2026-02-22,2026,2,Feb,Tháng 2,1,Q1,7,Chủ nhật,8,1
2026-02-23,2026,2,Feb,Tháng 2,1,Q1,1,Thứ 2,9,0
2026-02-24,2026,2,Feb,Tháng 2,1,Q1,2,Thứ 3,9,0
2026-02-25,2026,2,Feb,Tháng 2,1,Q1,3,Thứ 4,9,0
2026-02-26,2026,2,Feb,Tháng 2,1,Q1,4,Thứ 5,9,0
2026-02-27,2026,2,Feb,Tháng 2,1,Q1,5,Thứ 6,9,0
2026-02-28,2026,2,Feb,Tháng 2,1,Q1,6,Thứ 7,9,1
2026-03-01,2026,3,Mar,Tháng 3,1,Q1,7,Chủ nhật,9,1
2026-03-02,2026,3,Mar,Tháng 3,1,Q1,1,Thứ 2,10,0
2026-03-03,2026,3,Mar,Tháng 3,1,Q1,2,Thứ 3,10,0
2026-03-04,2026,3,Mar,Tháng 3,1,Q1,3,Thứ 4,10,0
2026-03-05,2026,3,Mar,Tháng 3,1,Q1,4,Thứ 5,10,0
2026-03-06,2026,3,Mar,Tháng 3,1,Q1,5,Thứ 6,10,0
2026-03-07,2026,3,Mar,Tháng 3,1,Q1,6,Thứ 7,10,1
2026-03-08,2026,3,Mar,Tháng 3,1,Q1,7,Chủ nhật,10,1
2026-03-09,2026,3,Mar,Tháng 3,1,Q1,1,Thứ 2,11,0
2026-03-10,2026,3,Mar,Tháng 3,1,Q1,2,Thứ 3,11,0
2026-03-11,2026,3,Mar,Tháng 3,1,Q1,3,Thứ 4,11,0
2026-03-12,2026,3,Mar,Tháng 3,1,Q1,4,Thứ 5,11,0
2026-03-13,2026,3,Mar,Tháng 3,1,Q1,5,Thứ 6,11,0
2026-03-14,2026,3,Mar,Tháng 3,1,Q1,6,Thứ 7,11,1
2026-03-15,2026,3,Mar,Tháng 3,1,Q1,7,Chủ nhật,11,1
2026-03-16,2026,3,Mar,Tháng 3,1,Q1,1,Thứ 2,12,0
2026-03-17,2026,3,Mar,Tháng 3,1,Q1,2,Thứ 3,12,0
2026-03-18,2026,3,Mar,Tháng 3,1,Q1,3,Thứ 4,12,0
2026-03-19,2026,3,Mar,Tháng 3,1,Q1,4,Thứ 5,12,0
2026-03-20,2026,3,Mar,Tháng 3,1,Q1,5,Thứ 6,12,0
2026-03-21,2026,3,Mar,Tháng 3,1,Q1,6,Thứ 7,12,1
2026-03-22,2026,3,Mar,Tháng 3,1,Q1,7,Chủ nhật,12,1
2026-03-23,2026,3,Mar,Tháng 3,1,Q1,1,Thứ 2,13,0
2026-03-24,2026,3,Mar,Tháng 3,1,Q1,2,Thứ 3,13,0
2026-03-25,2026,3,Mar,Tháng 3,1,Q1,3,Thứ 4,13,0
2026-03-26,2026,3,Mar,Tháng 3,1,Q1,4,Thứ 5,13,0
2026-03-27,2026,3,Mar,Tháng 3,1,Q1,5,Thứ 6,13,0
2026-03-28,2026,3,Mar,Tháng 3,1,Q1,6,Thứ 7,13,1
2026-03-29,2026,3,Mar,Tháng 3,1,Q1,7,Chủ nhật,13,1
2026-03-30,2026,3,Mar,Tháng 3,1,Q1,1,Thứ 2,14,0
2026-03-31,2026,3,Mar,Tháng 3,1,Q1,2,Thứ 3,14,0
2026-04-01,2026,4,Apr,Tháng 4,2,Q2,3,Thứ 4,14,0
2026-04-02,2026,4,Apr,Tháng 4,2,Q2,4,Thứ 5,14,0
2026-04-03,2026,4,Apr,Tháng 4,2,Q2,5,Thứ 6,14,0
2026-04-04,2026,4,Apr,Tháng 4,2,Q2,6,Thứ 7,14,1
2026-04-05,2026,4,Apr,Tháng 4,2,Q2,7,Chủ nhật,14,1
2026-04-06,2026,4,Apr,Tháng 4,2,Q2,1,Thứ 2,15,0
2026-04-07,2026,4,Apr,Tháng 4,2,Q2,2,Thứ 3,15,0
2026-04-08,2026,4,Apr,Tháng 4,2,Q2,3,Thứ 4,15,0
2026-04-09,2026,4,Apr,Tháng 4,2,Q2,4,Thứ 5,15,0
2026-04-10,2026,4,Apr,Tháng 4,2,Q2,5,Thứ 6,15,0
2026-04-11,2026,4,Apr,Tháng 4,2,Q2,6,Thứ 7,15,1
2026-04-12,2026,4,Apr,Tháng 4,2,Q2,7,Chủ nhật,15,1
2026-04-13,2026,4,Apr,Tháng 4,2,Q2,1,Thứ 2,16,0
2026-04-14,2026,4,Apr,Tháng 4,2,Q2,2,Thứ 3,16,0
2026-04-15,2026,4,Apr,Tháng 4,2,Q2,3,Thứ 4,16,0
2026-04-16,2026,4,Apr,Tháng 4,2,Q2,4,Thứ 5,16,0
2026-04-17,2026,4,Apr,Tháng 4,2,Q2,5,Thứ 6,16,0
2026-04-18,2026,4,Apr,Tháng 4,2,Q2,6,Thứ 7,16,1
2026-04-19,2026,4,Apr,Tháng 4,2,Q2,7,Chủ nhật,16,1
2026-04-20,2026,4,Apr,Tháng 4,2,Q2,1,Thứ 2,17,0
2026-04-21,2026,4,Apr,Tháng 4,2,Q2,2,Thứ 3,17,0
2026-04-22,2026,4,Apr,Tháng 4,2,Q2,3,Thứ 4,17,0
2026-04-23,2026,4,Apr,Tháng 4,2,Q2,4,Thứ 5,17,0
2026-04-24,2026,4,Apr,Tháng 4,2,Q2,5,Thứ 6,17,0
2026-04-25,2026,4,Apr,Tháng 4,2,Q2,6,Thứ 7,17,1
2026-04-26,2026,4,Apr,Tháng 4,2,Q2,7,Chủ nhật,17,1
2026-04-27,2026,4,Apr,Tháng 4,2,Q2,1,Thứ 2,18,0
2026-04-28,2026,4,Apr,Tháng 4,2,Q2,2,Thứ 3,18,0
2026-04-29,2026,4,Apr,Tháng 4,2,Q2,3,Thứ 4,18,0
2026-04-30,2026,4,Apr,Tháng 4,2,Q2,4,Thứ 5,18,0
2026-05-01,2026,5,May,Tháng 5,2,Q2,5,Thứ 6,18,0
2026-05-02,2026,5,May,Tháng 5,2,Q2,6,Thứ 7,18,1
2026-05-03,2026,5,May,Tháng 5,2,Q2,7,Chủ nhật,18,1
2026-05-04,2026,5,May,Tháng 5,2,Q2,1,Thứ 2,19,0
2026-05-05,2026,5,May,Tháng 5,2,Q2,2,Thứ 3,19,0
2026-05-06,2026,5,May,Tháng 5,2,Q2,3,Thứ 4,19,0
2026-05-07,2026,5,May,Tháng 5,2,Q2,4,Thứ 5,19,0
2026-05-08,2026,5,May,Tháng 5,2,Q2,5,Thứ 6,19,0
2026-05-09,2026,5,May,Tháng 5,2,Q2,6,Thứ 7,19,1
2026-05-10,2026,5,May,Tháng 5,2,Q2,7,Chủ nhật,19,1
2026-05-11,2026,5,May,Tháng 5,2,Q2,1,Thứ 2,20,0
2026-05-12,2026,5,May,Tháng 5,2,Q2,2,Thứ 3,20,0
2026-05-13,2026,5,May,Tháng 5,2,Q2,3,Thứ 4,20,0
2026-05-14,2026,5,May,Tháng 5,2,Q2,4,Thứ 5,20,0
2026-05-15,2026,5,May,Tháng 5,2,Q2,5,Thứ 6,20,0
2026-05-16,2026,5,May,Tháng 5,2,Q2,6,Thứ 7,20,1
2026-05-17,2026,5,May,Tháng 5,2,Q2,7,Chủ nhật,20,1
2026-05-18,2026,5,May,Tháng 5,2,Q2,1,Thứ 2,21,0
2026-05-19,2026,5,May,Tháng 5,2,Q2,2,Thứ 3,21,0
2026-05-20,2026,5,May,Tháng 5,2,Q2,3,Thứ 4,21,0
2026-05-21,2026,5,May,Tháng 5,2,Q2,4,Thứ 5,21,0
2026-05-22,2026,5,May,Tháng 5,2,Q2,5,Thứ 6,21,0
2026-05-23,2026,5,May,Tháng 5,2,Q2,6,Thứ 7,21,1
2026-05-24,2026,5,May,Tháng 5,2,Q2,7,Chủ nhật,21,1
2026-05-25,2026,5,May,Tháng 5,2,Q2,1,Thứ 2,22,0
2026-05-26,2026,5,May,Tháng 5,2,Q2,2,Thứ 3,22,0
2026-05-27,2026,5,May,Tháng 5,2,Q2,3,Thứ 4,22,0
2026-05-28,2026,5,May,Tháng 5,2,Q2,4,Thứ 5,22,0
2026-05-29,2026,5,May,Tháng 5,2,Q2,5,Thứ 6,22,0
2026-05-30,2026,5,May,Tháng 5,2,Q2,6,Thứ 7,22,1
2026-05-31,2026,5,May,Tháng 5,2,Q2,7,Chủ nhật,22,1
2026-06-01,2026,6,Jun,Tháng 6,2,Q2,1,Thứ 2,23,0
2026-06-02,2026,6,Jun,Tháng 6,2,Q2,2,Thứ 3,23,0
2026-06-03,2026,6,Jun,Tháng 6,2,Q2,3,Thứ 4,23,0
2026-06-04,2026,6,Jun,Tháng 6,2,Q2,4,Thứ 5,23,0
2026-06-05,2026,6,Jun,Tháng 6,2,Q2,5,Thứ 6,23,0
2026-06-06,2026,6,Jun,Tháng 6,2,Q2,6,Thứ 7,23,1
2026-06-07,2026,6,Jun,Tháng 6,2,Q2,7,Chủ nhật,23,1
2026-06-08,2026,6,Jun,Tháng 6,2,Q2,1,Thứ 2,24,0
2026-06-09,2026,6,Jun,Tháng 6,2,Q2,2,Thứ 3,24,0
2026-06-10,2026,6,Jun,Tháng 6,2,Q2,3,Thứ 4,24,0
2026-06-11,2026,6,Jun,Tháng 6,2,Q2,4,Thứ 5,24,0
2026-06-12,2026,6,Jun,Tháng 6,2,Q2,5,Thứ 6,24,0
2026-06-13,2026,6,Jun,Tháng 6,2,Q2,6,Thứ 7,24,1
2026-06-14,2026,6,Jun,Tháng 6,2,Q2,7,Chủ nhật,24,1
2026-06-15,2026,6,Jun,Tháng 6,2,Q2,1,Thứ 2,25,0
2026-06-16,2026,6,Jun,Tháng 6,2,Q2,2,Thứ 3,25,0
2026-06-17,2026,6,Jun,Tháng 6,2,Q2,3,Thứ 4,25,0
2026-06-18,2026,6,Jun,Tháng 6,2,Q2,4,Thứ 5,25,0
2026-06-19,2026,6,Jun,Tháng 6,2,Q2,5,Thứ 6,25,0
2026-06-20,2026,6,Jun,Tháng 6,2,Q2,6,Thứ 7,25,1
2026-06-21,2026,6,Jun,Tháng 6,2,Q2,7,Chủ nhật,25,1
2026-06-22,2026,6,Jun,Tháng 6,2,Q2,1,Thứ 2,26,0
2026-06-23,2026,6,Jun,Tháng 6,2,Q2,2,Thứ 3,26,0
2026-06-24,2026,6,Jun,Tháng 6,2,Q2,3,Thứ 4,26,0
2026-06-25,2026,6,Jun,Tháng 6,2,Q2,4,Thứ 5,26,0
2026-06-26,2026,6,Jun,Tháng 6,2,Q2,5,Thứ 6,26,0
2026-06-27,2026,6,Jun,Tháng 6,2,Q2,6,Thứ 7,26,1
2026-06-28,2026,6,Jun,Tháng 6,2,Q2,7,Chủ nhật,26,1
2026-06-29,2026,6,Jun,Tháng 6,2,Q2,1,Thứ 2,27,0
2026-06-30,2026,6,Jun,Tháng 6,2,Q2,2,Thứ 3,27,0
2026-07-01,2026,7,Jul,Tháng 7,3,Q3,3,Thứ 4,27,0
2026-07-02,2026,7,Jul,Tháng 7,3,Q3,4,Thứ 5,27,0
2026-07-03,2026,7,Jul,Tháng 7,3,Q3,5,Thứ 6,27,0
2026-07-04,2026,7,Jul,Tháng 7,3,Q3,6,Thứ 7,27,1
2026-07-05,2026,7,Jul,Tháng 7,3,Q3,7,Chủ nhật,27,1
2026-07-06,2026,7,Jul,Tháng 7,3,Q3,1,Thứ 2,28,0
2026-07-07,2026,7,Jul,Tháng 7,3,Q3,2,Thứ 3,28,0
2026-07-08,2026,7,Jul,Tháng 7,3,Q3,3,Thứ 4,28,0
2026-07-09,2026,7,Jul,Tháng 7,3,Q3,4,Thứ 5,28,0
2026-07-10,2026,7,Jul,Tháng 7,3,Q3,5,Thứ 6,28,0
2026-07-11,2026,7,Jul,Tháng 7,3,Q3,6,Thứ 7,28,1
2026-07-12,2026,7,Jul,Tháng 7,3,Q3,7,Chủ nhật,28,1
2026-07-13,2026,7,Jul,Tháng 7,3,Q3,1,Thứ 2,29,0
2026-07-14,2026,7,Jul,Tháng 7,3,Q3,2,Thứ 3,29,0
2026-07-15,2026,7,Jul,Tháng 7,3,Q3,3,Thứ 4,29,0
2026-07-16,2026,7,Jul,Tháng 7,3,Q3,4,Thứ 5,29,0
2026-07-17,2026,7,Jul,Tháng 7,3,Q3,5,Thứ 6,29,0
2026-07-18,2026,7,Jul,Tháng 7,3,Q3,6,Thứ 7,29,1
2026-07-19,2026,7,Jul,Tháng 7,3,Q3,7,Chủ nhật,29,1
2026-07-20,2026,7,Jul,Tháng 7,3,Q3,1,Thứ 2,30,0
2026-07-21,2026,7,Jul,Tháng 7,3,Q3,2,Thứ 3,30,0
2026-07-22,2026,7,Jul,Tháng 7,3,Q3,3,Thứ 4,30,0
2026-07-23,2026,7,Jul,Tháng 7,3,Q3,4,Thứ 5,30,0
2026-07-24,2026,7,Jul,Tháng 7,3,Q3,5,Thứ 6,30,0
2026-07-25,2026,7,Jul,Tháng 7,3,Q3,6,Thứ 7,30,1
2026-07-26,2026,7,Jul,Tháng 7,3,Q3,7,Chủ nhật,30,1
2026-07-27,2026,7,Jul,Tháng 7,3,Q3,1,Thứ 2,31,0
2026-07-28,2026,7,Jul,Tháng 7,3,Q3,2,Thứ 3,31,0
2026-07-29,2026,7,Jul,Tháng 7,3,Q3,3,Thứ 4,31,0
2026-07-30,2026,7,Jul,Tháng 7,3,Q3,4,Thứ 5,31,0
2026-07-31,2026,7,Jul,Tháng 7,3,Q3,5,Thứ 6,31,0
2026-08-01,2026,8,Aug,Tháng 8,3,Q3,6,Thứ 7,31,1
2026-08-02,2026,8,Aug,Tháng 8,3,Q3,7,Chủ nhật,31,1
2026-08-03,2026,8,Aug,Tháng 8,3,Q3,1,Thứ 2,32,0
2026-08-04,2026,8,Aug,Tháng 8,3,Q3,2,Thứ 3,32,0
2026-08-05,2026,8,Aug,Tháng 8,3,Q3,3,Thứ 4,32,0
2026-08-06,2026,8,Aug,Tháng 8,3,Q3,4,Thứ 5,32,0
2026-08-07,2026,8,Aug,Tháng 8,3,Q3,5,Thứ 6,32,0
2026-08-08,2026,8,Aug,Tháng 8,3,Q3,6,Thứ 7,32,1
2026-08-09,2026,8,Aug,Tháng 8,3,Q3,7,Chủ nhật,32,1
2026-08-10,2026,8,Aug,Tháng 8,3,Q3,1,Thứ 2,33,0
2026-08-11,2026,8,Aug,Tháng 8,3,Q3,2,Thứ 3,33,0
2026-08-12,2026,8,Aug,Tháng 8,3,Q3,3,Thứ 4,33,0
2026-08-13,2026,8,Aug,Tháng 8,3,Q3,4,Thứ 5,33,0
2026-08-14,2026,8,Aug,Tháng 8,3,Q3,5,Thứ 6,33,0
2026-08-15,2026,8,Aug,Tháng 8,3,Q3,6,Thứ 7,33,1
2026-08-16,2026,8,Aug,Tháng 8,3,Q3,7,Chủ nhật,33,1
2026-08-17,2026,8,Aug,Tháng 8,3,Q3,1,Thứ 2,34,0
2026-08-18,2026,8,Aug,Tháng 8,3,Q3,2,Thứ 3,34,0
2026-08-19,2026,8,Aug,Tháng 8,3,Q3,3,Thứ 4,34,0
2026-08-20,2026,8,Aug,Tháng 8,3,Q3,4,Thứ 5,34,0
2026-08-21,2026,8,Aug,Tháng 8,3,Q3,5,Thứ 6,34,0
2026-08-22,2026,8,Aug,Tháng 8,3,Q3,6,Thứ 7,34,1
2026-08-23,2026,8,Aug,Tháng 8,3,Q3,7,Chủ nhật,34,1
2026-08-24,2026,8,Aug,Tháng 8,3,Q3,1,Thứ 2,35,0
2026-08-25,2026,8,Aug,Tháng 8,3,Q3,2,Thứ 3,35,0
2026-08-26,2026,8,Aug,Tháng 8,3,Q3,3,Thứ 4,35,0
2026-08-27,2026,8,Aug,Tháng 8,3,Q3,4,Thứ 5,35,0
2026-08-28,2026,8,Aug,Tháng 8,3,Q3,5,Thứ 6,35,0
2026-08-29,2026,8,Aug,Tháng 8,3,Q3,6,Thứ 7,35,1
2026-08-30,2026,8,Aug,Tháng 8,3,Q3,7,Chủ nhật,35,1
2026-08-31,2026,8,Aug,Tháng 8,3,Q3,1,Thứ 2,36,0
2026-09-01,2026,9,Sep,Tháng 9,3,Q3,2,Thứ 3,36,0
2026-09-02,2026,9,Sep,Tháng 9,3,Q3,3,Thứ 4,36,0
2026-09-03,2026,9,Sep,Tháng 9,3,Q3,4,Thứ 5,36,0
2026-09-04,2026,9,Sep,Tháng 9,3,Q3,5,Thứ 6,36,0
2026-09-05,2026,9,Sep,Tháng 9,3,Q3,6,Thứ 7,36,1
2026-09-06,2026,9,Sep,Tháng 9,3,Q3,7,Chủ nhật,36,1
2026-09-07,2026,9,Sep,Tháng 9,3,Q3,1,Thứ 2,37,0
2026-09-08,2026,9,Sep,Tháng 9,3,Q3,2,Thứ 3,37,0
2026-09-09,2026,9,Sep,Tháng 9,3,Q3,3,Thứ 4,37,0
2026-09-10,2026,9,Sep,Tháng 9,3,Q3,4,Thứ 5,37,0
2026-09-11,2026,9,Sep,Tháng 9,3,Q3,5,Thứ 6,37,0
2026-09-12,2026,9,Sep,Tháng 9,3,Q3,6,Thứ 7,37,1
2026-09-13,2026,9,Sep,Tháng 9,3,Q3,7,Chủ nhật,37,1
2026-09-14,2026,9,Sep,Tháng 9,3,Q3,1,Thứ 2,38,0
2026-09-15,2026,9,Sep,Tháng 9,3,Q3,2,Thứ 3,38,0
2026-09-16,2026,9,Sep,Tháng 9,3,Q3,3,Thứ 4,38,0
2026-09-17,2026,9,Sep,Tháng 9,3,Q3,4,Thứ 5,38,0
2026-09-18,2026,9,Sep,Tháng 9,3,Q3,5,Thứ 6,38,0
2026-09-19,2026,9,Sep,Tháng 9,3,Q3,6,Thứ 7,38,1
2026-09-20,2026,9,Sep,Tháng 9,3,Q3,7,Chủ nhật,38,1
2026-09-21,2026,9,Sep,Tháng 9,3,Q3,1,Thứ 2,39,0
2026-09-22,2026,9,Sep,Tháng 9,3,Q3,2,Thứ 3,39,0
2026-09-23,2026,9,Sep,Tháng 9,3,Q3,3,Thứ 4,39,0
2026-09-24,2026,9,Sep,Tháng 9,3,Q3,4,Thứ 5,39,0
2026-09-25,2026,9,Sep,Tháng 9,3,Q3,5,Thứ 6,39,0
2026-09-26,2026,9,Sep,Tháng 9,3,Q3,6,Thứ 7,39,1
2026-09-27,2026,9,Sep,Tháng 9,3,Q3,7,Chủ nhật,39,1
2026-09-28,2026,9,Sep,Tháng 9,3,Q3,1,Thứ 2,40,0
2026-09-29,2026,9,Sep,Tháng 9,3,Q3,2,Thứ 3,40,0
2026-09-30,2026,9,Sep,Tháng 9,3,Q3,3,Thứ 4,40,0
2026-10-01,2026,10,Oct,Tháng 10,4,Q4,4,Thứ 5,40,0
2026-10-02,2026,10,Oct,Tháng 10,4,Q4,5,Thứ 6,40,0
2026-10-03,2026,10,Oct,Tháng 10,4,Q4,6,Thứ 7,40,1
2026-10-04,2026,10,Oct,Tháng 10,4,Q4,7,Chủ nhật,40,1
2026-10-05,2026,10,Oct,Tháng 10,4,Q4,1,Thứ 2,41,0
2026-10-06,2026,10,Oct,Tháng 10,4,Q4,2,Thứ 3,41,0
2026-10-07,2026,10,Oct,Tháng 10,4,Q4,3,Thứ 4,41,0
2026-10-08,2026,10,Oct,Tháng 10,4,Q4,4,Thứ 5,41,0
2026-10-09,2026,10,Oct,Tháng 10,4,Q4,5,Thứ 6,41,0
2026-10-10,2026,10,Oct,Tháng 10,4,Q4,6,Thứ 7,41,1
2026-10-11,2026,10,Oct,Tháng 10,4,Q4,7,Chủ nhật,41,1
2026-10-12,2026,10,Oct,Tháng 10,4,Q4,1,Thứ 2,42,0
2026-10-13,2026,10,Oct,Tháng 10,4,Q4,2,Thứ 3,42,0
2026-10-14,2026,10,Oct,Tháng 10,4,Q4,3,Thứ 4,42,0
2026-10-15,2026,10,Oct,Tháng 10,4,Q4,4,Thứ 5,42,0
2026-10-16,2026,10,Oct,Tháng 10,4,Q4,5,Thứ 6,42,0
2026-10-17,2026,10,Oct,Tháng 10,4,Q4,6,Thứ 7,42,1
2026-10-18,2026,10,Oct,Tháng 10,4,Q4,7,Chủ nhật,42,1
2026-10-19,2026,10,Oct,Tháng 10,4,Q4,1,Thứ 2,43,0
2026-10-20,2026,10,Oct,Tháng 10,4,Q4,2,Thứ 3,43,0
2026-10-21,2026,10,Oct,Tháng 10,4,Q4,3,Thứ 4,43,0
2026-10-22,2026,10,Oct,Tháng 10,4,Q4,4,Thứ 5,43,0
2026-10-23,2026,10,Oct,Tháng 10,4,Q4,5,Thứ 6,43,0
2026-10-24,2026,10,Oct,Tháng 10,4,Q4,6,Thứ 7,43,1
2026-10-25,2026,10,Oct,Tháng 10,4,Q4,7,Chủ nhật,43,1
2026-10-26,2026,10,Oct,Tháng 10,4,Q4,1,Thứ 2,44,0
2026-10-27,2026,10,Oct,Tháng 10,4,Q4,2,Thứ 3,44,0
2026-10-28,2026,10,Oct,Tháng 10,4,Q4,3,Thứ 4,44,0
2026-10-29,2026,10,Oct,Tháng 10,4,Q4,4,Thứ 5,44,0
2026-10-30,2026,10,Oct,Tháng 10,4,Q4,5,Thứ 6,44,0
2026-10-31,2026,10,Oct,Tháng 10,4,Q4,6,Thứ 7,44,1
2026-11-01,2026,11,Nov,Tháng 11,4,Q4,7,Chủ nhật,44,1
2026-11-02,2026,11,Nov,Tháng 11,4,Q4,1,Thứ 2,45,0
2026-11-03,2026,11,Nov,Tháng 11,4,Q4,2,Thứ 3,45,0
2026-11-04,2026,11,Nov,Tháng 11,4,Q4,3,Thứ 4,45,0
2026-11-05,2026,11,Nov,Tháng 11,4,Q4,4,Thứ 5,45,0
2026-11-06,2026,11,Nov,Tháng 11,4,Q4,5,Thứ 6,45,0
2026-11-07,2026,11,Nov,Tháng 11,4,Q4,6,Thứ 7,45,1
2026-11-08,2026,11,Nov,Tháng 11,4,Q4,7,Chủ nhật,45,1
2026-11-09,2026,11,Nov,Tháng 11,4,Q4,1,Thứ 2,46,0
2026-11-10,2026,11,Nov,Tháng 11,4,Q4,2,Thứ 3,46,0
2026-11-11,2026,11,Nov,Tháng 11,4,Q4,3,Thứ 4,46,0
2026-11-12,2026,11,Nov,Tháng 11,4,Q4,4,Thứ 5,46,0
2026-11-13,2026,11,Nov,Tháng 11,4,Q4,5,Thứ 6,46,0
2026-11-14,2026,11,Nov,Tháng 11,4,Q4,6,Thứ 7,46,1
2026-11-15,2026,11,Nov,Tháng 11,4,Q4,7,Chủ nhật,46,1
2026-11-16,2026,11,Nov,Tháng 11,4,Q4,1,Thứ 2,47,0
2026-11-17,2026,11,Nov,Tháng 11,4,Q4,2,Thứ 3,47,0
2026-11-18,2026,11,Nov,Tháng 11,4,Q4,3,Thứ 4,47,0
2026-11-19,2026,11,Nov,Tháng 11,4,Q4,4,Thứ 5,47,0
2026-11-20,2026,11,Nov,Tháng 11,4,Q4,5,Thứ 6,47,0
2026-11-21,2026,11,Nov,Tháng 11,4,Q4,6,Thứ 7,47,1
2026-11-22,2026,11,Nov,Tháng 11,4,Q4,7,Chủ nhật,47,1
2026-11-23,2026,11,Nov,Tháng 11,4,Q4,1,Thứ 2,48,0
2026-11-24,2026,11,Nov,Tháng 11,4,Q4,2,Thứ 3,48,0
2026-11-25,2026,11,Nov,Tháng 11,4,Q4,3,Thứ 4,48,0
2026-11-26,2026,11,Nov,Tháng 11,4,Q4,4,Thứ 5,48,0
2026-11-27,2026,11,Nov,Tháng 11,4,Q4,5,Thứ 6,48,0
2026-11-28,2026,11,Nov,Tháng 11,4,Q4,6,Thứ 7,48,1
2026-11-29,2026,11,Nov,Tháng 11,4,Q4,7,Chủ nhật,48,1
2026-11-30,2026,11,Nov,Tháng 11,4,Q4,1,Thứ 2,49,0
2026-12-01,2026,12,Dec,Tháng 12,4,Q4,2,Thứ 3,49,0
2026-12-02,2026,12,Dec,Tháng 12,4,Q4,3,Thứ 4,49,0
2026-12-03,2026,12,Dec,Tháng 12,4,Q4,4,Thứ 5,49,0
2026-12-04,2026,12,Dec,Tháng 12,4,Q4,5,Thứ 6,49,0
2026-12-05,2026,12,Dec,Tháng 12,4,Q4,6,Thứ 7,49,1
2026-12-06,2026,12,Dec,Tháng 12,4,Q4,7,Chủ nhật,49,1
2026-12-07,2026,12,Dec,Tháng 12,4,Q4,1,Thứ 2,50,0
2026-12-08,2026,12,Dec,Tháng 12,4,Q4,2,Thứ 3,50,0
2026-12-09,2026,12,Dec,Tháng 12,4,Q4,3,Thứ 4,50,0
2026-12-10,2026,12,Dec,Tháng 12,4,Q4,4,Thứ 5,50,0
2026-12-11,2026,12,Dec,Tháng 12,4,Q4,5,Thứ 6,50,0
2026-12-12,2026,12,Dec,Tháng 12,4,Q4,6,Thứ 7,50,1
2026-12-13,2026,12,Dec,Tháng 12,4,Q4,7,Chủ nhật,50,1
2026-12-14,2026,12,Dec,Tháng 12,4,Q4,1,Thứ 2,51,0
2026-12-15,2026,12,Dec,Tháng 12,4,Q4,2,Thứ 3,51,0
2026-12-16,2026,12,Dec,Tháng 12,4,Q4,3,Thứ 4,51,0
2026-12-17,2026,12,Dec,Tháng 12,4,Q4,4,Thứ 5,51,0
2026-12-18,2026,12,Dec,Tháng 12,4,Q4,5,Thứ 6,51,0
2026-12-19,2026,12,Dec,Tháng 12,4,Q4,6,Thứ 7,51,1
2026-12-20,2026,12,Dec,Tháng 12,4,Q4,7,Chủ nhật,51,1
2026-12-21,2026,12,Dec,Tháng 12,4,Q4,1,Thứ 2,52,0
2026-12-22,2026,12,Dec,Tháng 12,4,Q4,2,Thứ 3,52,0
2026-12-23,2026,12,Dec,Tháng 12,4,Q4,3,Thứ 4,52,0
2026-12-24,2026,12,Dec,Tháng 12,4,Q4,4,Thứ 5,52,0
2026-12-25,2026,12,Dec,Tháng 12,4,Q4,5,Thứ 6,52,0
2026-12-26,2026,12,Dec,Tháng 12,4,Q4,6,Thứ 7,52,1
2026-12-27,2026,12,Dec,Tháng 12,4,Q4,7,Chủ nhật,52,1
2026-12-28,2026,12,Dec,Tháng 12,4,Q4,1,Thứ 2,53,0
2026-12-29,2026,12,Dec,Tháng 12,4,Q4,2,Thứ 3,53,0
2026-12-30,2026,12,Dec,Tháng 12,4,Q4,3,Thứ 4,53,0
2026-12-31,2026,12,Dec,Tháng 12,4,Q4,4,Thứ 5,53,0
