transaction_id,product_id,agent_id,transaction_date,contract_type,gross_price,discount_amount,net_revenue,commission_rate,commission_amount,payment_status
TX-2026-0001,PRD-1090,SA-1002,2026-07-18,Hợp đồng mua bán,4986000000.0,299200000.0,4686800000.0,0.035,164040000.0,Chờ duyệt đợt 2
TX-2026-0002,PRD-1188,SA-1005,2026-02-06,Hợp đồng mua bán,10197000000.0,305900000.0,9891100000.0,0.025,247280000.0,Chờ duyệt đợt 2
TX-2026-0003,PRD-1189,SA-1016,2026-05-29,Hợp đồng mua bán,4956000000.0,247800000.0,4708200000.0,0.045,211870000.0,Chờ duyệt đợt 2
TX-2026-0004,PRD-1006,SA-1038,2026-07-02,Hợp đồng mua bán,3997000000.0,279800000.0,3717200000.0,0.03,111520000.0,Chờ duyệt đợt 2
TX-2026-0005,PRD-1009,SA-1028,2026-07-15,Hợp đồng mua bán,3811000000.0,266800000.0,3544200000.0,0.035,124050000.0,Đã thanh toán
TX-2026-0006,PRD-1047,SA-1027,2026-06-10,Hợp đồng mua bán,3605000000.0,216300000.0,3388700000.0,0.04,135550000.0,Đã thanh toán
TX-2026-0007,PRD-1004,SA-1040,2026-08-12,Hợp đồng mua bán,2660000000.0,186200000.0,2473800000.0,0.035,86580000.0,Đã thanh toán
TX-2026-0008,PRD-1142,SA-1006,2026-05-06,Hợp đồng mua bán,2520000000.0,151200000.0,2368800000.0,0.03,71060000.0,Chờ duyệt đợt 2
TX-2026-0009,PRD-1179,SA-1021,2026-05-17,Hợp đồng mua bán,20771000000.0,830800000.0,19940200000.0,0.045,897310000.0,Chờ duyệt đợt 2
TX-2026-0010,PRD-1015,SA-1003,2026-07-20,Hợp đồng mua bán,5161000000.0,206400000.0,4954600000.0,0.04,198180000.0,Đã thanh toán
TX-2026-0011,PRD-1113,SA-1008,2026-06-12,Hợp đồng mua bán,2310000000.0,161700000.0,2148300000.0,0.035,75190000.0,Đã thanh toán
TX-2026-0012,PRD-1195,SA-1014,2026-05-08,Hợp đồng mua bán,17655000000.0,882800000.0,16772200000.0,0.03,503170000.0,Chờ duyệt đợt 2
TX-2026-0013,PRD-1128,SA-1001,2026-07-23,Hợp đồng mua bán,3888000000.0,194400000.0,3693600000.0,0.025,92340000.0,Đã thanh toán
TX-2026-0014,PRD-1120,SA-1007,2026-04-18,Hợp đồng mua bán,3922000000.0,235300000.0,3686700000.0,0.03,110600000.0,Chờ duyệt đợt 2
TX-2026-0015,PRD-1093,SA-1007,2026-04-27,Hợp đồng mua bán,2448000000.0,73400000.0,2374600000.0,0.035,83110000.0,Chờ duyệt đợt 2
TX-2026-0016,PRD-1186,SA-1008,2026-06-21,Hợp đồng mua bán,10367000000.0,725700000.0,9641300000.0,0.04,385650000.0,Chờ duyệt đợt 2
TX-2026-0017,PRD-1101,SA-1020,2026-07-05,Hợp đồng mua bán,5362000000.0,321700000.0,5040300000.0,0.035,176410000.0,Đã thanh toán
TX-2026-0018,PRD-1069,SA-1027,2026-07-14,Hợp đồng mua bán,5030000000.0,352100000.0,4677900000.0,0.035,163730000.0,Đã thanh toán
TX-2026-0019,PRD-1180,SA-1011,2026-04-26,Hợp đồng mua bán,17170000000.0,1201900000.0,15968100000.0,0.035,558880000.0,Đã thanh toán
TX-2026-0020,PRD-1210,SA-1009,2026-01-30,Hợp đồng mua bán,21525000000.0,1291500000.0,20233500000.0,0.045,910510000.0,Đã thanh toán
TX-2026-0021,PRD-1041,SA-1027,2026-08-09,Văn bản thỏa thuận cọc,3811000000.0,152400000.0,3658600000.0,0.035,128050000.0,Chờ làm HĐMB
TX-2026-0022,PRD-1016,SA-1005,2026-02-26,Hợp đồng mua bán,5080000000.0,152400000.0,4927600000.0,0.035,172470000.0,Đã thanh toán
TX-2026-0023,PRD-1213,SA-1034,2026-07-15,Hợp đồng mua bán,19832000000.0,595000000.0,19237000000.0,0.04,769480000.0,Đã thanh toán
TX-2026-0024,PRD-1031,SA-1008,2026-01-17,Hợp đồng mua bán,3932000000.0,118000000.0,3814000000.0,0.045,171630000.0,Đã thanh toán
TX-2026-0025,PRD-1032,SA-1010,2026-03-07,Hợp đồng mua bán,5162000000.0,361300000.0,4800700000.0,0.035,168020000.0,Đã thanh toán
TX-2026-0026,PRD-1117,SA-1015,2026-04-30,Hợp đồng mua bán,3886000000.0,116600000.0,3769400000.0,0.035,131930000.0,Đã thanh toán
TX-2026-0027,PRD-1094,SA-1025,2026-05-20,Hợp đồng mua bán,2451000000.0,122600000.0,2328400000.0,0.045,104780000.0,Chờ duyệt đợt 2
TX-2026-0028,PRD-1106,SA-1028,2026-07-09,Hợp đồng mua bán,5296000000.0,370700000.0,4925300000.0,0.025,123130000.0,Chờ duyệt đợt 2
TX-2026-0029,PRD-1144,SA-1028,2026-05-25,Hợp đồng mua bán,2484000000.0,149000000.0,2335000000.0,0.025,58380000.0,Đã thanh toán
TX-2026-0030,PRD-1029,SA-1013,2026-08-13,Hợp đồng mua bán,2511000000.0,100400000.0,2410600000.0,0.03,72320000.0,Đã thanh toán
TX-2026-0031,PRD-1046,SA-1012,2026-06-28,Hợp đồng mua bán,5211000000.0,156300000.0,5054700000.0,0.035,176910000.0,Đã thanh toán
TX-2026-0032,PRD-1097,SA-1037,2026-04-02,Hợp đồng mua bán,2319000000.0,69600000.0,2249400000.0,0.045,101220000.0,Đã thanh toán
TX-2026-0033,PRD-1058,SA-1004,2026-04-11,Hợp đồng mua bán,5152000000.0,309100000.0,4842900000.0,0.035,169500000.0,Đã thanh toán
TX-2026-0034,PRD-1017,SA-1015,2026-05-08,Hợp đồng mua bán,4854000000.0,242700000.0,4611300000.0,0.03,138340000.0,Đã thanh toán
TX-2026-0035,PRD-1211,SA-1010,2026-06-02,Hợp đồng mua bán,17192000000.0,1203400000.0,15988600000.0,0.035,559600000.0,Đã thanh toán
TX-2026-0036,PRD-1205,SA-1011,2026-07-03,Hợp đồng mua bán,3833000000.0,268300000.0,3564700000.0,0.04,142590000.0,Đã thanh toán
TX-2026-0037,PRD-1167,SA-1021,2026-07-29,Hợp đồng mua bán,5443000000.0,163300000.0,5279700000.0,0.035,184790000.0,Đã thanh toán
TX-2026-0038,PRD-1045,SA-1013,2026-08-05,Văn bản thỏa thuận cọc,3797000000.0,151900000.0,3645100000.0,0.03,109350000.0,Chờ làm HĐMB
TX-2026-0039,PRD-1183,SA-1008,2026-06-11,Hợp đồng mua bán,5317000000.0,159500000.0,5157500000.0,0.025,128940000.0,Đã thanh toán
TX-2026-0040,PRD-1164,SA-1017,2026-03-04,Hợp đồng mua bán,3817000000.0,190800000.0,3626200000.0,0.03,108790000.0,Đã thanh toán
TX-2026-0041,PRD-1218,SA-1017,2026-03-14,Hợp đồng mua bán,11050000000.0,552500000.0,10497500000.0,0.035,367410000.0,Đã thanh toán
TX-2026-0042,PRD-1190,SA-1035,2026-06-04,Hợp đồng mua bán,20439000000.0,1226300000.0,19212700000.0,0.035,672440000.0,Chờ duyệt đợt 2
TX-2026-0043,PRD-1049,SA-1040,2026-05-03,Hợp đồng mua bán,2498000000.0,74900000.0,2423100000.0,0.045,109040000.0,Đã thanh toán
TX-2026-0044,PRD-1036,SA-1039,2026-07-28,Hợp đồng mua bán,2458000000.0,172100000.0,2285900000.0,0.04,91440000.0,Đã thanh toán
TX-2026-0045,PRD-1104,SA-1021,2026-02-22,Hợp đồng mua bán,3888000000.0,233300000.0,3654700000.0,0.045,164460000.0,Chờ duyệt đợt 2
TX-2026-0046,PRD-1001,SA-1038,2026-05-22,Hợp đồng mua bán,4030000000.0,282100000.0,3747900000.0,0.035,131180000.0,Chờ duyệt đợt 2
TX-2026-0047,PRD-1119,SA-1003,2026-03-19,Hợp đồng mua bán,2363000000.0,141800000.0,2221200000.0,0.045,99950000.0,Chờ duyệt đợt 2
TX-2026-0048,PRD-1048,SA-1019,2026-03-17,Hợp đồng mua bán,2520000000.0,100800000.0,2419200000.0,0.025,60480000.0,Đã thanh toán
TX-2026-0049,PRD-1011,SA-1037,2026-02-13,Hợp đồng mua bán,3537000000.0,176800000.0,3360200000.0,0.04,134410000.0,Chờ duyệt đợt 2
TX-2026-0050,PRD-1184,SA-1027,2026-05-19,Hợp đồng mua bán,4888000000.0,195500000.0,4692500000.0,0.03,140780000.0,Đã thanh toán
TX-2026-0051,PRD-1061,SA-1034,2026-02-09,Hợp đồng mua bán,2434000000.0,146000000.0,2288000000.0,0.025,57200000.0,Đã thanh toán
TX-2026-0052,PRD-1064,SA-1024,2026-04-01,Hợp đồng mua bán,3693000000.0,221600000.0,3471400000.0,0.045,156210000.0,Đã thanh toán
TX-2026-0053,PRD-1148,SA-1029,2026-01-18,Hợp đồng mua bán,3744000000.0,149800000.0,3594200000.0,0.04,143770000.0,Chờ duyệt đợt 2
TX-2026-0054,PRD-1037,SA-1025,2026-05-27,Hợp đồng mua bán,4767000000.0,143000000.0,4624000000.0,0.025,115600000.0,Chờ duyệt đợt 2
TX-2026-0055,PRD-1088,SA-1037,2026-02-15,Hợp đồng mua bán,3679000000.0,147200000.0,3531800000.0,0.045,158930000.0,Đã thanh toán
TX-2026-0056,PRD-1182,SA-1027,2026-03-30,Hợp đồng mua bán,16064000000.0,963800000.0,15100200000.0,0.045,679510000.0,Đã thanh toán
TX-2026-0057,PRD-1074,SA-1034,2026-05-31,Hợp đồng mua bán,3619000000.0,217100000.0,3401900000.0,0.045,153090000.0,Đã thanh toán
TX-2026-0058,PRD-1200,SA-1003,2026-04-25,Hợp đồng mua bán,3883000000.0,194200000.0,3688800000.0,0.035,129110000.0,Đã thanh toán
TX-2026-0059,PRD-1124,SA-1032,2026-07-09,Hợp đồng mua bán,3636000000.0,181800000.0,3454200000.0,0.03,103630000.0,Chờ duyệt đợt 2
TX-2026-0060,PRD-1002,SA-1005,2026-05-11,Hợp đồng mua bán,2295000000.0,114800000.0,2180200000.0,0.04,87210000.0,Đã thanh toán
TX-2026-0061,PRD-1174,SA-1036,2026-02-21,Hợp đồng mua bán,4223000000.0,168900000.0,4054100000.0,0.045,182430000.0,Đã thanh toán
TX-2026-0062,PRD-1091,SA-1038,2026-05-18,Hợp đồng mua bán,5138000000.0,359700000.0,4778300000.0,0.03,143350000.0,Đã thanh toán
TX-2026-0063,PRD-1192,SA-1007,2026-07-04,Hợp đồng mua bán,18595000000.0,557800000.0,18037200000.0,0.04,721490000.0,Đã thanh toán
TX-2026-0064,PRD-1080,SA-1032,2026-05-01,Hợp đồng mua bán,5304000000.0,212200000.0,5091800000.0,0.035,178210000.0,Đã thanh toán
TX-2026-0065,PRD-1126,SA-1024,2026-07-01,Hợp đồng mua bán,4931000000.0,345200000.0,4585800000.0,0.045,206360000.0,Đã thanh toán
TX-2026-0066,PRD-1063,SA-1018,2026-05-12,Hợp đồng mua bán,2463000000.0,73900000.0,2389100000.0,0.025,59730000.0,Đã thanh toán
TX-2026-0067,PRD-1196,SA-1001,2026-01-27,Hợp đồng mua bán,5042000000.0,252100000.0,4789900000.0,0.045,215550000.0,Đã thanh toán
TX-2026-0068,PRD-1115,SA-1010,2026-08-10,Hợp đồng mua bán,2478000000.0,74300000.0,2403700000.0,0.045,108170000.0,Đã thanh toán
TX-2026-0069,PRD-1161,SA-1035,2026-04-15,Hợp đồng mua bán,9589000000.0,383600000.0,9205400000.0,0.045,414240000.0,Đã thanh toán
TX-2026-0070,PRD-1191,SA-1033,2026-04-02,Hợp đồng mua bán,20761000000.0,1453300000.0,19307700000.0,0.03,579230000.0,Đã thanh toán
TX-2026-0071,PRD-1012,SA-1031,2026-04-17,Hợp đồng mua bán,4945000000.0,346200000.0,4598800000.0,0.04,183950000.0,Chờ duyệt đợt 2
TX-2026-0072,PRD-1054,SA-1012,2026-07-04,Hợp đồng mua bán,5256000000.0,367900000.0,4888100000.0,0.03,146640000.0,Đã thanh toán
TX-2026-0073,PRD-1168,SA-1040,2026-01-21,Hợp đồng mua bán,20430000000.0,1225800000.0,19204200000.0,0.025,480100000.0,Đã thanh toán
TX-2026-0074,PRD-1141,SA-1008,2026-05-28,Hợp đồng mua bán,5103000000.0,357200000.0,4745800000.0,0.03,142370000.0,Đã thanh toán
TX-2026-0075,PRD-1132,SA-1006,2026-07-18,Hợp đồng mua bán,2753000000.0,192700000.0,2560300000.0,0.025,64010000.0,Đã thanh toán
TX-2026-0076,PRD-1162,SA-1027,2026-06-13,Hợp đồng mua bán,16619000000.0,831000000.0,15788000000.0,0.045,710460000.0,Đã thanh toán
TX-2026-0077,PRD-1206,SA-1018,2026-05-19,Hợp đồng mua bán,9907000000.0,297200000.0,9609800000.0,0.045,432440000.0,Đã thanh toán
TX-2026-0078,PRD-1197,SA-1004,2026-06-23,Hợp đồng mua bán,4052000000.0,162100000.0,3889900000.0,0.025,97250000.0,Chờ duyệt đợt 2
TX-2026-0079,PRD-1107,SA-1017,2026-01-23,Hợp đồng mua bán,2398000000.0,167900000.0,2230100000.0,0.035,78050000.0,Đã thanh toán
TX-2026-0080,PRD-1203,SA-1017,2026-08-13,Hợp đồng mua bán,3832000000.0,115000000.0,3717000000.0,0.025,92920000.0,Đã thanh toán
TX-2026-0081,PRD-1007,SA-1002,2026-05-16,Hợp đồng mua bán,2458000000.0,73700000.0,2384300000.0,0.03,71530000.0,Đã thanh toán
TX-2026-0082,PRD-1081,SA-1015,2026-06-15,Hợp đồng mua bán,2403000000.0,120200000.0,2282800000.0,0.035,79900000.0,Chờ duyệt đợt 2
TX-2026-0083,PRD-1136,SA-1010,2026-05-03,Hợp đồng mua bán,3640000000.0,182000000.0,3458000000.0,0.04,138320000.0,Đã thanh toán
TX-2026-0084,PRD-1193,SA-1010,2026-07-24,Hợp đồng mua bán,18245000000.0,1277200000.0,16967800000.0,0.04,678710000.0,Đã thanh toán
TX-2026-0085,PRD-1201,SA-1024,2026-06-20,Hợp đồng mua bán,8683000000.0,521000000.0,8162000000.0,0.04,326480000.0,Đã thanh toán
TX-2026-0086,PRD-1178,SA-1016,2026-03-31,Hợp đồng mua bán,11618000000.0,580900000.0,11037100000.0,0.04,441480000.0,Chờ duyệt đợt 2
TX-2026-0087,PRD-1202,SA-1020,2026-06-12,Hợp đồng mua bán,5145000000.0,308700000.0,4836300000.0,0.03,145090000.0,Chờ duyệt đợt 2
TX-2026-0088,PRD-1033,SA-1009,2026-05-19,Hợp đồng mua bán,3600000000.0,252000000.0,3348000000.0,0.045,150660000.0,Đã thanh toán
TX-2026-0089,PRD-1127,SA-1008,2026-03-14,Hợp đồng mua bán,4658000000.0,326100000.0,4331900000.0,0.025,108300000.0,Chờ duyệt đợt 2
TX-2026-0090,PRD-1135,SA-1027,2026-01-23,Hợp đồng mua bán,2356000000.0,70700000.0,2285300000.0,0.035,79990000.0,Đã thanh toán
TX-2026-0091,PRD-1039,SA-1014,2026-02-05,Hợp đồng mua bán,5403000000.0,162100000.0,5240900000.0,0.025,131020000.0,Đã thanh toán
TX-2026-0092,PRD-1076,SA-1037,2026-06-03,Hợp đồng mua bán,5196000000.0,207800000.0,4988200000.0,0.03,149650000.0,Đã thanh toán
TX-2026-0093,PRD-1068,SA-1035,2026-04-08,Hợp đồng mua bán,2631000000.0,157900000.0,2473100000.0,0.045,111290000.0,Đã thanh toán
TX-2026-0094,PRD-1020,SA-1015,2026-04-19,Hợp đồng mua bán,3767000000.0,150700000.0,3616300000.0,0.045,162730000.0,Đã thanh toán
TX-2026-0095,PRD-1123,SA-1016,2026-07-29,Hợp đồng mua bán,2602000000.0,130100000.0,2471900000.0,0.03,74160000.0,Đã thanh toán
TX-2026-0096,PRD-1219,SA-1031,2026-03-09,Hợp đồng mua bán,11193000000.0,447700000.0,10745300000.0,0.045,483540000.0,Đã thanh toán
TX-2026-0097,PRD-1019,SA-1035,2026-01-22,Hợp đồng mua bán,3635000000.0,109000000.0,3526000000.0,0.025,88150000.0,Chờ duyệt đợt 2
TX-2026-0098,PRD-1056,SA-1021,2026-06-13,Hợp đồng mua bán,5181000000.0,310900000.0,4870100000.0,0.035,170450000.0,Chờ duyệt đợt 2
TX-2026-0099,PRD-1207,SA-1004,2026-07-28,Hợp đồng mua bán,3890000000.0,233400000.0,3656600000.0,0.03,109700000.0,Đã thanh toán
TX-2026-0100,PRD-1043,SA-1003,2026-04-28,Hợp đồng mua bán,3997000000.0,119900000.0,3877100000.0,0.045,174470000.0,Đã thanh toán
TX-2026-0101,PRD-1010,SA-1029,2026-05-02,Hợp đồng mua bán,5373000000.0,161200000.0,5211800000.0,0.025,130300000.0,Đã thanh toán
TX-2026-0102,PRD-1173,SA-1036,2026-08-04,Hợp đồng mua bán,3739000000.0,112200000.0,3626800000.0,0.03,108800000.0,Chờ duyệt đợt 2
TX-2026-0103,PRD-1112,SA-1004,2026-05-23,Hợp đồng mua bán,5362000000.0,160900000.0,5201100000.0,0.025,130030000.0,Đã thanh toán
TX-2026-0104,PRD-1171,SA-1034,2026-04-17,Hợp đồng mua bán,10651000000.0,319500000.0,10331500000.0,0.035,361600000.0,Chờ duyệt đợt 2
TX-2026-0105,PRD-1057,SA-1016,2026-05-06,Hợp đồng mua bán,4853000000.0,145600000.0,4707400000.0,0.035,164760000.0,Đã thanh toán
TX-2026-0106,PRD-1217,SA-1009,2026-03-21,Hợp đồng mua bán,17122000000.0,856100000.0,16265900000.0,0.025,406650000.0,Đã thanh toán
TX-2026-0107,PRD-1060,SA-1035,2026-06-05,Hợp đồng mua bán,2631000000.0,131600000.0,2499400000.0,0.025,62480000.0,Chờ duyệt đợt 2
TX-2026-0108,PRD-1199,SA-1019,2026-03-12,Hợp đồng mua bán,17779000000.0,711200000.0,17067800000.0,0.045,768050000.0,Đã thanh toán
TX-2026-0109,PRD-1100,SA-1004,2026-05-07,Hợp đồng mua bán,3540000000.0,106200000.0,3433800000.0,0.045,154520000.0,Đã thanh toán
TX-2026-0110,PRD-1102,SA-1034,2026-06-11,Hợp đồng mua bán,2392000000.0,143500000.0,2248500000.0,0.04,89940000.0,Đã thanh toán
TX-2026-0111,PRD-1114,SA-1036,2026-02-09,Hợp đồng mua bán,5011000000.0,350800000.0,4660200000.0,0.045,209710000.0,Chờ duyệt đợt 2
TX-2026-0112,PRD-1099,SA-1025,2026-05-18,Hợp đồng mua bán,3844000000.0,153800000.0,3690200000.0,0.04,147610000.0,Đã thanh toán
TX-2026-0113,PRD-1177,SA-1003,2026-01-21,Hợp đồng mua bán,9833000000.0,590000000.0,9243000000.0,0.025,231080000.0,Đã thanh toán
TX-2026-0114,PRD-1137,SA-1012,2026-07-09,Hợp đồng mua bán,2282000000.0,68500000.0,2213500000.0,0.035,77470000.0,Chờ duyệt đợt 2
TX-2026-0115,PRD-1066,SA-1004,2026-05-13,Hợp đồng mua bán,5035000000.0,352500000.0,4682500000.0,0.025,117060000.0,Chờ duyệt đợt 2
